n,rand_std,rand_hyb,rev_std,rev_hyb,alm_std,alm_hyb
500,0,0,0,0,0,0
600,0,0,0,0,0,0
700,0,0,0,0,0,0
800,0,0,0,0,0,0
900,0,0,0,0,0,0
1000,0,0,0,0,0,0
1100,0,0,0,0,0,0
1200,0,0,0,0,0,0
1300,0,0,0,0,0,0
1400,0,0,0,0,0,0
1500,0,0,0,0,0,0
1600,0,0,0,0,0,0
1700,0,0,0,0,0,0
1800,0,0,0,0,0,0
1900,0,0,0,0,0,0
2000,0,0,0,0,0,0
2100,0,0,0,0,0,0
2200,0,0,0,0,0,0
2300,0,0,0,0,0,0
2400,0,0,0,0,0,0
2500,0,0,0,0,0,0
2600,0,0,0,0,0,0
2700,0,0,0,0,0,0
2800,0,0,0,0,0,0
2900,0,0,0,0,0,0
3000,0,0,0,0,0,0
3100,0,0,0,0,0,0
3200,0,0,0,0,0,0
3300,0,0,0,0,0,0
3400,0,0,0,0,0,0
3500,0,0,0,0,0,0
3600,0,0,0,0,0,0
3700,0,0,0,0,0,0
3800,0,0,0,0,0,0
3900,0,0,0,0,0,0
4000,0,0,0,0,0,0
4100,0,0,0,0,0,0
4200,0,0,0,0,0,0
4300,0,0,0,0,0,0
4400,0,0,0,0,0,0
4500,0,0,0,0,0,0
4600,0,0,0,0,0,0
4700,0,0,0,0,0,0
4800,0,0,0,0,0,0
4900,0,0,0,0,0,0
5000,0,0,0,0,0,0
5100,0,0,0,0,0,0
5200,0,0,0,0,0,0
5300,0,0,0,0,0,0
5400,0,0,0,0,0,0
5500,0,0,0,0,0,0
5600,0,0,0,0,0,0
5700,0,0,0,0,0,0
5800,0,0,0,1,0,0
5900,1,0,0,0,0,0
6000,1,0,0,0,0,0
6100,1,1,0,0,0,0
6200,1,0,0,0,0,0
6300,1,0,0,0,0,0
6400,1,0,0,0,0,0
6500,1,0,0,0,0,0
6600,1,0,0,0,0,0
6700,1,0,0,0,0,0
6800,1,1,0,0,0,0
6900,1,1,0,0,0,0
7000,1,1,0,0,0,0
7100,1,1,0,0,0,0
7200,1,1,0,0,0,0
7300,1,1,0,0,0,0
7400,1,1,0,0,0,0
7500,1,1,0,0,0,0
7600,1,1,0,0,0,0
7700,1,1,0,0,0,0
7800,1,1,0,0,0,0
7900,1,1,0,0,0,0
8000,1,1,0,0,0,0
8100,1,1,0,0,0,0
8200,1,1,0,0,0,0
8300,1,1,0,0,0,0
8400,1,1,0,0,0,0
8500,1,1,0,0,0,0
8600,1,1,0,0,0,0
8700,1,1,0,0,0,0
8800,1,1,0,0,0,0
8900,1,1,0,0,0,0
9000,1,1,0,0,0,0
9100,1,1,0,0,0,0
9200,1,1,0,0,0,0
9300,1,1,0,0,0,0
9400,1,1,0,0,0,0
9500,1,1,0,0,0,0
9600,1,1,0,0,0,0
9700,1,1,0,0,0,0
9800,1,1,0,0,0,0
9900,1,1,0,0,0,0
10000,1,1,0,0,0,0
10100,1,1,0,0,0,0
10200,1,1,0,0,0,0
10300,1,1,0,0,0,0
10400,1,1,0,0,0,0
10500,1,1,0,0,0,0
10600,1,1,1,1,0,0
10700,2,1,0,0,0,0
10800,1,1,0,0,0,0
10900,1,1,0,0,0,0
11000,1,1,0,0,0,0
11100,1,1,0,0,0,0
11200,1,1,1,0,0,0
11300,2,1,1,1,0,0
11400,2,1,1,0,0,0
11500,2,1,1,1,0,1
11600,2,1,1,1,0,0
11700,2,1,1,1,0,0
11800,2,2,1,1,0,0
11900,2,2,1,1,0,0
12000,2,2,1,1,0,0
12100,2,2,1,1,0,0
12200,2,2,1,1,1,0
12300,2,1,1,1,0,0
12400,2,2,1,1,0,0
12500,2,1,1,1,0,0
12600,2,1,1,1,0,0
12700,2,1,1,1,0,0
12800,2,2,1,1,0,0
12900,2,2,1,1,0,0
13000,2,2,1,1,0,0
13100,2,2,1,1,0,0
13200,2,2,1,1,0,0
13300,2,2,1,1,0,0
13400,2,2,1,1,0,1
13500,2,2,1,1,1,0
13600,2,2,1,1,1,0
13700,2,2,1,1,0,0
13800,2,2,1,1,1,1
13900,2,2,1,1,1,1
14000,2,2,1,1,1,0
14100,2,2,1,1,1,0
14200,2,2,1,2,1,1
14300,2,2,1,1,1,1
14400,2,2,1,1,1,1
14500,2,2,1,1,1,1
14600,2,2,1,1,1,1
14700,2,2,1,1,1,1
14800,2,2,1,1,1,1
14900,2,2,1,1,1,1
15000,2,2,1,1,1,1
15100,2,3,1,1,1,1
15200,2,2,1,1,1,1
15300,2,2,1,1,1,1
15400,2,2,1,1,1,1
15500,3,3,1,1,1,1
15600,2,2,1,1,1,1
15700,3,3,1,1,1,1
15800,3,3,1,1,1,1
15900,3,3,1,1,1,1
16000,4,3,1,1,1,1
16100,3,3,1,1,1,1
16200,3,4,2,1,1,1
16300,3,3,2,1,1,1
16400,3,3,1,2,1,1
16500,3,3,1,1,1,1
16600,3,2,1,1,1,1
16700,3,2,1,1,1,1
16800,3,3,1,1,1,1
16900,3,3,1,1,1,1
17000,3,3,1,1,1,1
17100,3,3,1,1,1,1
17200,3,3,1,1,1,1
17300,3,3,1,1,1,1
17400,3,3,1,1,1,1
17500,3,3,1,1,1,1
17600,3,3,1,1,1,1
17700,3,3,1,1,1,1
17800,3,3,2,1,1,1
17900,3,3,1,1,1,1
18000,3,3,1,1,1,1
18100,4,3,1,1,1,1
18200,3,3,2,2,1,1
18300,4,3,2,1,1,1
18400,4,3,2,2,1,1
18500,4,3,2,2,1,1
18600,4,3,2,2,1,1
18700,4,3,2,2,1,1
18800,4,3,2,2,1,1
18900,4,3,2,2,1,1
19000,4,3,2,2,1,1
19100,4,3,2,2,1,1
19200,4,3,2,1,1,1
19300,4,3,2,1,1,1
19400,3,3,2,2,1,1
19500,4,3,2,1,1,1
19600,4,3,2,2,1,1
19700,4,3,2,2,1,1
19800,4,3,2,2,1,1
19900,4,3,2,2,1,1
20000,4,3,2,2,1,1
20100,4,4,2,2,1,1
20200,4,3,2,2,2,1
20300,4,4,2,2,1,1
20400,4,4,2,2,1,1
20500,4,4,2,2,2,1
20600,4,3,2,2,1,1
20700,4,4,2,2,1,1
20800,5,3,2,2,1,1
20900,5,4,3,2,1,2
21000,4,4,2,2,1,2
21100,4,4,2,2,2,1
21200,4,4,2,2,1,1
21300,4,4,3,2,1,1
21400,4,4,2,2,2,1
21500,4,4,2,2,1,1
21600,4,4,2,2,1,1
21700,4,5,2,2,1,1
21800,4,4,3,2,1,1
21900,4,4,3,2,1,1
22000,5,4,2,2,1,1
22100,4,4,2,2,1,1
22200,5,4,2,2,1,1
22300,4,4,2,2,1,1
22400,4,4,2,2,1,1
22500,4,4,2,2,1,1
22600,4,3,2,2,1,1
22700,4,4,2,2,1,1
22800,4,3,2,2,1,1
22900,4,4,2,2,1,1
23000,4,4,2,2,1,1
23100,4,4,2,2,1,1
23200,4,3,2,2,1,1
23300,4,4,2,2,1,1
23400,4,3,3,2,1,1
23500,4,4,2,2,1,1
23600,4,3,2,2,1,1
23700,4,4,2,2,1,1
23800,4,4,2,2,1,1
23900,4,4,2,2,1,1
24000,4,4,2,2,1,1
24100,5,4,2,2,1,1
24200,4,4,2,2,1,1
24300,4,4,2,2,1,1
24400,5,4,2,2,1,1
24500,4,4,2,2,2,1
24600,4,4,2,2,1,1
24700,5,4,2,2,1,1
24800,4,4,2,2,1,1
24900,5,4,2,2,2,2
25000,4,4,2,2,1,1
25100,4,4,2,2,1,1
25200,4,4,2,2,2,1
25300,5,4,2,2,1,1
25400,4,4,2,2,1,1
25500,4,4,2,2,2,2
25600,4,4,2,2,2,1
25700,5,4,2,2,2,1
25800,5,4,2,2,2,2
25900,5,4,2,2,1,1
26000,5,4,2,2,1,1
26100,5,4,2,2,1,1
26200,4,4,2,2,1,1
26300,4,4,2,2,1,1
26400,5,4,2,2,1,1
26500,5,4,2,3,1,1
26600,5,4,2,2,1,2
26700,5,4,2,2,1,1
26800,5,4,2,2,2,2
26900,5,4,2,2,1,1
27000,5,4,2,2,1,1
27100,5,4,3,2,1,1
27200,5,4,2,2,1,1
27300,6,4,3,2,2,2
27400,5,4,2,2,1,1
27500,5,4,2,2,1,1
27600,5,4,2,3,2,2
27700,5,4,2,2,1,1
27800,5,4,2,2,1,1
27900,5,5,2,2,2,2
28000,5,4,2,2,2,1
28100,5,4,2,2,2,1
28200,5,4,2,2,1,1
28300,5,4,2,2,2,2
28400,5,4,2,2,2,2
28500,5,4,2,2,2,2
28600,5,4,3,2,2,2
28700,5,4,2,2,2,2
28800,5,4,2,2,2,2
28900,5,4,2,2,2,2
29000,5,4,2,2,2,2
29100,5,5,3,3,2,2
29200,6,5,3,3,2,2
29300,5,5,3,2,2,2
29400,5,5,2,2,2,2
29500,5,5,2,2,2,2
29600,5,5,2,2,2,2
29700,5,5,3,3,2,2
29800,6,5,2,2,2,2
29900,5,5,2,2,2,2
30000,6,5,2,2,2,2
30100,6,5,2,3,2,2
30200,6,5,2,3,2,2
30300,5,5,3,3,2,2
30400,6,7,4,3,2,2
30500,6,6,3,2,2,2
30600,6,5,3,3,2,2
30700,6,5,3,2,2,2
30800,6,5,3,3,2,2
30900,6,6,4,3,2,2
31000,6,5,3,2,2,2
31100,6,5,3,3,2,3
31200,6,5,3,2,2,3
31300,7,5,3,3,2,2
31400,6,5,3,3,2,2
31500,6,6,3,3,2,2
31600,6,5,3,3,2,3
31700,6,5,3,3,2,2
31800,6,5,3,3,2,2
31900,6,5,3,3,2,3
32000,6,5,3,3,2,2
32100,6,5,3,3,2,2
32200,6,6,3,3,2,2
32300,6,6,3,3,2,2
32400,6,5,3,3,2,2
32500,6,5,3,3,2,2
32600,6,5,3,3,2,2
32700,6,6,3,3,2,2
32800,7,5,3,3,2,2
32900,6,5,3,3,2,2
33000,6,5,3,3,2,2
33100,6,5,3,3,2,2
33200,6,5,3,3,2,2
33300,6,5,3,3,2,2
33400,6,5,3,3,2,2
33500,6,6,3,3,2,2
33600,6,5,4,3,2,3
33700,7,5,3,3,2,2
33800,6,5,3,3,2,2
33900,6,7,3,3,2,2
34000,6,6,3,3,2,2
34100,6,6,3,3,2,2
34200,6,6,3,3,2,2
34300,6,6,3,3,2,2
34400,6,6,3,3,2,2
34500,7,6,3,3,2,2
34600,7,6,3,3,2,2
34700,7,6,4,4,2,2
34800,7,6,3,3,2,2
34900,7,7,3,3,2,2
35000,7,7,3,3,2,2
35100,6,6,3,3,2,2
35200,6,6,3,3,2,2
35300,6,6,3,3,2,2
35400,6,6,3,3,2,2
35500,6,6,3,3,2,2
35600,6,6,3,3,2,2
35700,6,6,3,3,2,2
35800,7,6,3,3,2,2
35900,7,6,3,3,2,2
36000,7,6,3,4,3,3
36100,7,7,3,3,2,2
36200,7,6,4,3,2,2
36300,7,6,3,3,2,2
36400,7,6,3,3,2,2
36500,7,6,3,3,2,2
36600,7,6,3,3,2,2
36700,7,7,3,3,2,2
36800,7,6,3,3,2,2
36900,7,6,3,3,2,2
37000,7,6,3,3,2,2
37100,7,6,3,3,2,2
37200,7,6,3,3,2,2
37300,7,6,3,3,2,2
37400,8,6,3,3,2,2
37500,7,7,3,3,2,2
37600,7,6,3,3,3,2
37700,7,6,4,4,3,2
37800,7,6,3,3,2,2
37900,7,6,3,3,3,2
38000,7,6,3,3,2,2
38100,7,6,3,3,2,2
38200,7,6,3,3,2,2
38300,8,7,3,3,2,2
38400,7,6,3,3,2,2
38500,7,6,3,3,2,2
38600,7,6,3,3,2,2
38700,7,6,3,3,2,2
38800,7,6,4,3,2,2
38900,7,6,3,3,2,2
39000,8,7,4,4,2,3
39100,8,6,4,3,2,2
39200,7,6,4,3,3,3
39300,8,7,3,3,2,2
39400,8,7,3,3,3,2
39500,7,6,3,3,2,2
39600,7,7,4,3,2,2
39700,7,7,3,3,3,3
39800,8,7,3,3,2,2
39900,7,7,3,3,2,2
40000,7,7,4,3,2,2
40100,8,7,4,3,2,2
40200,7,8,4,3,2,2
40300,7,7,4,3,2,2
40400,7,7,4,3,3,3
40500,8,8,4,4,3,2
40600,7,7,4,3,3,2
40700,8,7,4,4,2,2
40800,8,7,4,3,2,2
40900,8,7,4,3,2,2
41000,8,7,4,3,2,2
41100,8,7,4,4,2,2
41200,8,7,4,4,2,2
41300,8,7,4,4,2,2
41400,8,7,4,4,2,2
41500,8,7,4,4,3,2
41600,8,7,4,4,2,2
41700,8,7,4,4,2,2
41800,8,7,4,4,2,2
41900,8,7,4,4,3,3
42000,8,7,4,4,3,3
42100,8,7,4,4,3,3
42200,8,7,4,4,2,2
42300,8,7,4,4,3,3
42400,8,7,4,4,3,2
42500,8,7,5,5,3,3
42600,9,8,5,4,3,4
42700,9,8,4,6,3,3
42800,9,8,4,4,3,2
42900,9,7,4,6,3,3
43000,9,7,4,4,3,3
43100,8,7,4,4,3,3
43200,8,8,4,4,3,3
43300,8,7,4,4,3,3
43400,9,8,5,5,3,3
43500,8,7,4,4,3,3
43600,8,8,4,4,3,3
43700,8,8,4,6,3,3
43800,8,7,4,4,3,3
43900,10,13,8,6,3,3
44000,10,8,5,5,3,3
44100,10,8,7,5,3,3
44200,10,9,5,5,3,3
44300,10,9,5,5,3,3
44400,10,9,5,5,5,3
44500,11,9,5,5,3,3
44600,10,12,6,6,5,5
44700,10,8,5,4,3,3
44800,9,9,5,4,3,3
44900,10,9,5,5,3,3
45000,10,9,5,5,3,3
45100,10,9,5,5,3,3
45200,13,13,7,7,3,3
45300,11,10,5,5,3,3
45400,12,12,6,8,4,4
45500,12,13,7,5,3,4
45600,16,15,7,8,8,7
45700,12,16,7,5,4,3
45800,10,10,5,5,3,3
45900,10,9,5,5,3,3
46000,10,10,6,5,3,4
46100,11,10,7,6,6,9
46200,17,13,5,6,4,5
46300,12,10,6,5,5,3
46400,11,12,7,5,4,3
46500,11,10,5,5,4,4
46600,11,9,5,5,4,4
46700,11,9,5,5,3,3
46800,10,10,5,5,4,4
46900,14,14,6,5,3,3
47000,11,10,5,6,3,4
47100,11,9,5,5,3,4
47200,10,10,5,5,3,4
47300,11,10,8,5,4,4
47400,11,10,5,5,3,3
47500,11,9,5,5,3,3
47600,10,9,5,5,3,3
47700,10,9,4,5,3,3
47800,10,9,6,5,6,4
47900,13,18,8,7,4,4
48000,11,10,5,5,4,4
48100,11,10,5,5,4,4
48200,11,10,5,5,4,3
48300,11,10,5,5,4,4
48400,12,12,6,6,4,4
48500,11,10,5,5,4,4
48600,12,10,5,5,4,4
48700,11,10,5,5,3,3
48800,10,10,4,5,4,3
48900,10,10,5,5,4,4
49000,11,10,5,5,4,4
49100,11,9,5,5,3,3
49200,10,10,5,6,4,3
49300,11,10,5,5,3,4
49400,11,8,5,5,4,3
49500,11,10,6,5,4,4
49600,12,10,6,5,4,4
49700,11,9,5,5,3,3
49800,11,9,6,5,3,4
49900,11,9,5,5,3,3
50000,9,8,5,5,4,4
50100,11,11,7,5,5,4
50200,12,11,6,6,4,3
50300,11,9,5,5,3,3
50400,11,10,5,5,4,3
50500,11,9,5,5,3,3
50600,10,9,5,5,3,3
50700,10,9,6,5,4,4
50800,14,11,6,5,5,4
50900,12,10,5,5,4,4
51000,11,10,6,5,4,4
51100,11,9,5,5,4,3
51200,11,10,5,6,4,4
51300,12,9,6,5,4,4
51400,11,10,5,5,4,4
51500,11,10,6,5,3,3
51600,11,10,5,5,3,3
51700,11,10,5,5,3,4
51800,11,9,5,5,4,3
51900,11,10,6,5,3,4
52000,12,10,6,5,4,4
52100,12,10,6,6,4,4
52200,11,10,6,5,4,3
52300,11,10,6,5,4,3
52400,11,9,5,6,3,3
52500,11,9,6,6,4,4
52600,13,11,6,7,4,4
52700,13,11,6,6,4,4
52800,11,9,5,5,4,4
52900,11,10,5,5,3,3
53000,11,11,5,5,3,3
53100,11,10,6,7,4,5
53200,13,11,6,6,4,4
53300,12,11,5,6,4,3
53400,11,10,6,5,3,4
53500,11,10,6,5,3,3
53600,10,10,5,6,4,3
53700,11,10,6,5,4,4
53800,12,10,5,6,4,4
53900,12,10,6,6,4,3
54000,11,10,6,6,4,4
54100,10,10,6,5,4,4
54200,11,10,5,6,3,4
54300,11,10,6,5,4,4
54400,11,10,5,5,3,3
54500,11,10,5,5,4,4
54600,11,10,6,7,4,4
54700,12,10,6,5,4,4
54800,10,9,5,5,4,4
54900,11,10,6,5,3,4
55000,11,10,5,5,4,3
55100,11,10,5,5,4,4
55200,11,10,5,5,3,3
55300,11,10,5,5,4,3
55400,11,10,6,6,5,4
55500,13,11,6,6,4,4
55600,12,11,5,7,4,3
55700,12,10,6,5,4,4
55800,11,10,6,6,4,4
55900,11,10,6,6,4,4
56000,11,10,6,5,4,4
56100,11,10,6,6,4,5
56200,13,19,10,10,6,6
56300,14,23,7,7,6,6
56400,14,12,7,7,6,6
56500,23,17,11,8,5,10
56600,29,22,8,7,4,5
56700,16,12,7,7,4,4
56800,14,12,6,7,5,4
56900,14,12,7,6,4,4
57000,13,14,7,6,4,4
57100,13,12,7,6,5,4
57200,14,13,7,7,5,5
57300,15,13,8,7,5,5
57400,14,13,7,7,5,5
57500,13,12,6,7,5,4
57600,13,17,7,7,5,5
57700,15,13,7,7,5,5
57800,14,12,6,6,4,4
57900,14,11,6,7,4,4
58000,13,12,6,6,4,4
58100,13,13,7,8,8,7
58200,17,12,7,7,5,4
58300,13,12,7,7,5,4
58400,13,11,6,6,4,4
58500,12,11,6,6,4,4
58600,13,12,7,7,4,4
58700,13,11,6,6,4,4
58800,12,11,6,6,4,4
58900,13,11,6,6,4,4
59000,12,12,6,6,4,4
59100,13,11,7,6,4,4
59200,14,11,6,6,4,4
59300,13,10,6,6,4,4
59400,12,11,6,6,4,4
59500,12,11,6,6,4,4
59600,13,12,8,7,5,4
59700,13,11,7,6,4,4
59800,13,12,6,6,4,4
59900,12,11,6,6,4,4
60000,13,11,6,6,4,4
60100,12,11,7,7,4,5
60200,14,13,7,7,4,4
60300,14,12,7,6,5,4
60400,14,12,7,6,4,4
60500,14,11,6,7,4,4
60600,13,11,6,6,4,4
60700,12,11,7,8,5,4
60800,15,13,7,7,5,4
60900,13,11,6,6,4,4
61000,13,11,7,6,4,4
61100,12,11,7,7,4,4
61200,13,11,6,6,4,5
61300,13,12,7,7,5,5
61400,13,12,7,7,4,4
61500,13,12,6,7,4,4
61600,13,11,7,6,5,4
61700,13,12,6,7,4,4
61800,12,11,6,6,4,4
61900,14,11,6,7,4,5
62000,14,12,7,6,4,4
62100,12,11,6,6,4,4
62200,13,11,6,7,5,4
62300,12,11,6,7,4,4
62400,13,11,7,6,4,4
62500,14,13,7,8,5,5
62600,15,14,7,8,5,5
62700,15,12,7,7,5,5
62800,14,12,7,7,5,5
62900,14,12,6,6,5,4
63000,12,12,7,7,5,4
63100,12,12,6,6,5,4
63200,13,12,7,6,4,4
63300,12,11,6,6,4,4
63400,13,12,6,6,4,6
63500,13,12,7,6,4,4
63600,14,12,7,7,5,4
63700,13,12,7,6,4,4
63800,13,11,7,7,4,4
63900,14,12,7,7,5,4
64000,13,12,7,6,4,4
64100,14,11,6,6,4,4
64200,12,12,9,7,5,5
64300,15,13,6,7,4,4
64400,13,11,7,6,4,4
64500,13,12,6,6,4,5
64600,13,13,6,6,4,4
64700,13,12,8,8,6,5
64800,15,13,7,7,4,4
64900,13,12,6,6,5,4
65000,13,13,7,6,4,4
65100,13,12,6,7,4,4
65200,14,12,6,7,4,5
65300,14,12,7,6,4,4
65400,13,13,7,6,5,5
65500,13,12,6,6,4,4
65600,13,13,6,6,4,5
65700,13,12,6,6,4,4
65800,13,12,6,7,4,4
65900,14,12,6,6,4,4
66000,13,12,7,6,5,4
66100,13,12,6,6,4,5
66200,13,12,6,8,4,4
66300,13,12,8,7,4,4
66400,13,12,7,6,4,4
66500,14,12,7,7,4,4
66600,13,13,7,7,5,5
66700,14,14,7,7,4,4
66800,14,12,7,6,4,4
66900,14,12,6,7,5,5
67000,14,12,7,6,4,4
67100,14,12,7,6,4,6
67200,13,12,7,6,5,5
67300,14,13,7,7,5,4
67400,14,12,7,6,4,4
67500,13,12,7,7,5,5
67600,15,13,7,6,4,5
67700,13,12,7,7,4,4
67800,14,12,7,6,4,4
67900,13,12,7,7,4,4
68000,13,12,7,7,4,5
68100,14,12,7,6,5,4
68200,14,13,7,7,4,4
68300,14,14,7,7,4,4
68400,14,13,7,7,5,5
68500,13,12,7,7,4,4
68600,14,12,7,7,5,4
68700,14,13,7,7,5,4
68800,14,12,7,7,4,4
68900,14,12,8,7,4,5
69000,14,12,7,7,4,5
69100,14,13,7,7,4,6
69200,15,13,7,7,5,5
69300,14,12,7,8,5,5
69400,14,13,7,7,4,4
69500,14,12,7,7,4,4
69600,14,13,7,7,4,4
69700,15,14,7,7,4,4
69800,14,13,7,7,4,4
69900,14,13,8,7,4,4
70000,14,13,8,7,5,4
70100,14,14,8,8,5,5
70200,14,13,7,7,5,4
70300,15,13,7,7,4,5
70400,15,13,7,7,4,5
70500,15,13,7,7,5,5
70600,14,13,7,7,4,4
70700,14,13,7,7,4,4
70800,14,13,7,7,5,5
70900,14,13,7,7,5,4
71000,14,13,8,9,5,5
71100,14,13,7,8,4,4
71200,14,13,7,7,5,4
71300,14,13,7,7,5,4
71400,14,13,7,7,5,5
71500,14,13,7,7,5,5
71600,15,13,7,7,5,5
71700,14,13,8,7,5,4
71800,14,13,7,7,5,5
71900,14,13,7,7,5,5
72000,15,13,7,7,5,5
72100,14,13,7,7,5,5
72200,16,14,8,7,5,5
72300,14,15,7,7,6,5
72400,14,15,8,8,6,5
72500,15,14,7,8,5,5
72600,15,14,7,7,5,5
72700,14,13,8,7,5,5
72800,16,13,8,7,5,5
72900,15,13,7,8,5,6
73000,14,14,7,7,5,4
73100,14,13,7,7,6,5
73200,14,14,7,7,5,6
73300,15,13,7,10,6,5
73400,15,13,8,8,5,5
73500,14,14,7,7,5,5
73600,14,13,7,8,5,5
73700,15,14,7,7,5,5
73800,15,13,7,7,5,5
73900,15,13,8,7,5,5
74000,15,14,8,7,5,5
74100,15,14,8,8,5,5
74200,15,13,7,7,5,5
74300,15,13,7,7,5,5
74400,15,13,7,8,5,5
74500,15,13,7,8,7,5
74600,15,13,7,7,5,5
74700,15,14,8,7,5,5
74800,15,14,8,8,5,5
74900,15,14,7,7,5,5
75000,15,14,8,8,5,5
75100,16,14,8,8,5,5
75200,15,13,7,7,5,5
75300,15,14,7,7,5,5
75400,16,14,8,7,5,5
75500,15,14,8,7,5,5
75600,15,14,8,7,5,5
75700,15,14,8,8,6,5
75800,15,14,8,7,5,5
75900,16,14,8,7,5,5
76000,15,14,8,7,5,5
76100,15,14,8,7,5,5
76200,15,14,8,7,7,5
76300,17,14,8,7,5,5
76400,15,15,8,7,5,5
76500,15,14,8,7,5,5
76600,15,14,8,7,5,5
76700,15,14,8,7,5,5
76800,15,14,8,7,5,5
76900,17,22,11,9,5,5
77000,16,14,8,7,5,5
77100,16,15,8,7,5,5
77200,16,15,9,7,5,5
77300,15,14,8,7,5,5
77400,16,14,8,7,5,5
77500,17,14,8,7,5,6
77600,16,14,8,8,5,5
77700,16,14,8,7,5,5
77800,16,15,8,7,5,5
77900,15,14,8,8,5,5
78000,16,15,8,7,5,5
78100,16,14,8,8,5,5
78200,15,14,8,8,5,5
78300,16,14,8,8,6,6
78400,17,16,8,8,5,5
78500,16,15,9,8,5,5
78600,16,14,8,8,5,5
78700,16,14,8,8,5,5
78800,16,14,9,8,5,5
78900,16,16,8,8,5,6
79000,16,14,8,8,6,5
79100,17,14,8,8,5,5
79200,16,14,9,10,6,6
79300,16,14,8,8,5,5
79400,16,14,9,8,5,6
79500,16,14,8,8,5,5
79600,16,15,9,9,5,5
79700,16,14,8,8,5,5
79800,16,15,9,8,5,5
79900,16,15,8,8,5,5
80000,16,14,8,8,6,6
80100,16,15,8,8,5,5
80200,17,15,9,8,6,6
80300,16,14,8,8,5,5
80400,16,15,8,8,5,5
80500,16,15,8,8,5,5
80600,16,15,8,8,5,6
80700,17,15,9,9,6,5
80800,16,15,8,8,5,5
80900,16,16,8,8,5,5
81000,16,15,8,8,5,6
81100,16,15,8,8,5,5
81200,16,15,8,8,5,5
81300,17,16,9,8,5,5
81400,16,15,8,9,6,5
81500,16,15,8,8,5,5
81600,16,15,8,9,6,6
81700,16,15,8,8,5,5
81800,17,15,8,9,6,6
81900,17,15,8,9,5,5
82000,17,15,8,8,5,5
82100,16,15,8,8,5,5
82200,16,15,8,8,5,5
82300,17,16,9,8,5,5
82400,16,15,8,8,5,6
82500,16,15,9,9,6,5
82600,18,15,8,8,6,5
82700,16,15,8,9,5,5
82800,16,16,8,8,5,5
82900,17,15,8,8,5,5
83000,17,15,8,9,5,5
83100,17,15,9,8,6,6
83200,17,15,8,8,5,5
83300,16,15,9,8,6,6
83400,17,15,8,8,6,5
83500,17,15,8,8,5,6
83600,17,15,9,9,5,5
83700,17,15,8,8,5,6
83800,18,15,9,9,6,5
83900,17,17,9,8,5,5
84000,17,15,9,9,6,5
84100,17,16,9,8,6,6
84200,17,17,9,8,6,5
84300,18,16,9,9,6,5
84400,17,15,9,8,5,5
84500,17,15,9,8,5,5
84600,17,15,9,8,6,5
84700,17,15,9,8,5,5
84800,18,16,9,9,7,6
84900,19,16,9,8,6,5
85000,18,15,9,8,6,6
85100,17,15,9,8,5,5
85200,17,15,9,9,6,5
85300,17,15,9,8,6,6
85400,18,15,9,8,6,6
85500,19,19,34,33,11,8
85600,26,20,11,11,7,7
85700,20,17,10,11,8,7
85800,22,23,12,17,13,11
85900,25,20,11,13,8,7
86000,23,19,11,10,7,7
86100,20,19,10,10,7,6
86200,19,17,10,9,6,6
86300,18,17,10,9,6,5
86400,18,17,9,9,6,6
86500,17,17,9,9,6,6
86600,17,17,10,9,6,6
86700,19,16,9,9,6,6
86800,18,16,9,8,6,6
86900,18,16,9,9,6,5
87000,18,16,9,9,6,6
87100,18,18,9,9,6,6
87200,19,17,9,9,7,7
87300,19,17,10,10,7,7
87400,21,18,10,11,6,6
87500,20,18,10,10,17,21
87600,20,19,11,10,7,6
87700,21,19,11,10,6,6
87800,19,18,10,10,7,6
87900,20,18,10,10,7,7
88000,21,19,9,9,6,6
88100,18,16,9,9,6,6
88200,19,18,9,9,6,6
88300,21,18,10,10,7,6
88400,20,18,10,9,7,6
88500,22,20,11,9,7,6
88600,18,17,9,9,6,6
88700,19,17,9,10,6,7
88800,19,23,10,10,6,6
88900,19,17,10,10,6,6
89000,18,16,9,9,7,6
89100,18,16,9,9,6,6
89200,19,17,11,9,6,6
89300,18,17,9,9,6,6
89400,18,17,9,9,6,6
89500,18,16,10,9,6,6
89600,19,18,10,10,7,6
89700,19,16,10,10,7,6
89800,18,16,9,10,7,6
89900,18,16,9,9,6,7
90000,19,18,9,9,6,6
90100,18,16,9,9,6,6
90200,20,17,9,10,6,6
90300,19,17,9,9,6,6
90400,19,18,10,9,6,6
90500,19,17,10,11,6,7
90600,19,17,9,9,7,7
90700,20,17,10,9,6,7
90800,19,16,9,9,6,6
90900,19,16,9,9,6,7
91000,20,17,9,9,6,6
91100,18,17,9,10,7,6
91200,20,18,10,10,7,6
91300,19,17,10,9,8,7
91400,20,18,10,10,6,6
91500,21,18,10,10,6,7
91600,20,18,9,10,6,7
91700,19,18,10,9,7,6
91800,19,19,10,9,6,6
91900,20,18,10,9,7,6
92000,19,17,12,10,6,6
92100,21,35,25,19,12,20
92200,43,43,20,18,11,10
92300,32,27,15,21,17,17
92400,38,26,21,32,10,7
92500,64,34,15,11,9,8
92600,22,20,12,11,8,7
92700,21,20,12,10,8,7
92800,21,18,11,9,6,6
92900,21,18,10,10,6,7
93000,21,19,10,10,6,8
93100,19,18,10,10,7,7
93200,21,17,10,10,6,6
93300,19,18,10,9,6,6
93400,21,17,10,11,7,7
93500,20,17,10,9,8,7
93600,19,17,10,9,6,6
93700,20,19,11,11,7,6
93800,21,19,11,10,7,7
93900,21,19,10,11,7,7
94000,23,18,11,10,7,7
94100,20,17,11,10,6,6
94200,19,18,10,9,7,7
94300,20,20,12,10,7,7
94400,21,20,11,12,8,9
94500,28,25,14,25,19,10
94600,49,36,19,30,19,10
94700,34,93,123,25,18,8
94800,80,31,13,12,8,8
94900,38,26,13,12,8,10
95000,30,25,14,14,10,8
95100,26,34,12,13,8,10
95200,30,25,16,13,8,8
95300,25,24,13,31,11,9
95400,24,24,13,12,8,8
95500,24,22,12,11,7,7
95600,23,21,12,11,7,7
95700,22,20,10,11,8,7
95800,23,20,11,11,7,7
95900,21,18,10,10,7,7
96000,21,19,11,11,7,7
96100,22,18,10,10,7,6
96200,20,18,10,10,6,6
96300,20,18,10,10,6,7
96400,21,19,11,11,7,6
96500,20,18,11,10,6,7
96600,21,18,10,10,7,7
96700,20,20,12,12,8,7
96800,23,20,11,11,7,7
96900,20,20,11,11,7,7
97000,26,23,12,12,8,8
97100,29,25,13,12,8,8
97200,25,22,12,11,7,7
97300,21,20,10,10,7,7
97400,20,19,11,11,7,7
97500,53,21,13,12,8,8
97600,25,22,13,11,8,8
97700,23,21,12,11,8,7
97800,21,19,11,10,7,7
97900,22,19,11,11,6,6
98000,20,19,10,10,8,7
98100,22,18,11,11,7,7
98200,20,18,13,10,6,6
98300,22,20,11,10,7,6
98400,20,19,12,10,7,8
98500,27,21,12,12,7,7
98600,23,20,11,11,7,7
98700,22,21,12,11,7,7
98800,21,18,10,10,6,6
98900,24,21,12,11,7,8
99000,25,22,13,12,9,8
99100,23,21,11,11,7,7
99200,21,20,12,11,8,10
99300,24,22,12,11,7,7
99400,22,21,12,11,8,8
99500,24,24,13,13,9,9
99600,32,23,13,12,9,8
99700,26,22,13,12,8,8
99800,24,22,12,13,8,8
99900,25,23,13,13,8,8
100000,22,19,11,11,7,7
